organization,dataset,resource,url,operations,columns,fact
CDI,Catalogo de localidades indígenas 2010,Localidades indigenas 2010,http://www.cdi.gob.mx/datosabiertos/2010/locali-indi-2010.csv,Procedimiento en Bash,"B,K","En 2010 la población indígena total registrada en el territorio mexicano es de 11,132,562 de individuos."
CDI,Catalogo de localidades indígenas 2010,Localidades indigenas 2010,http://www.cdi.gob.mx/datosabiertos/2010/locali-indi-2010.csv,Procedimiento en Bash,"B,K","En 2010 el estado con mayor población indígena fue Oaxaca con 5,158,392 de individuos."
CDI,Distribución de los pueblos indígenas por entidad federativa,"Pueblos indígenas por estado, 2010",http://www.cdi.gob.mx/datosabiertos/2010/pueb-indi-edo-2010.csv,Procedimiento en Bash,"A,C","En 2010 el pueblo indígena con mayor población a nivel nacional es Náhuatl con 2,587,452 individuos."
CDI,Distribución de los pueblos indígenas por entidad federativa,"Pueblos indígenas por estado, 2010",http://www.cdi.gob.mx/datosabiertos/2010/pueb-indi-edo-2010.csv,Procedimiento en Bash,"A,C",En 2010 el pueblo indígena con menor población a nivel nacional es Ayapaneco con 57 individuos
CDI,Educación Indígena,Becas para estudiantes indígenas de nivel superior,http://www.cdi.gob.mx/datosabiertos/2015/educacion_indigena/becas-nivel-superior-cdi.csv,tabla,"B,J","Para 2015, el monto total de apoyo en becas para estudiantes indígenas de nivel superior fue de $9'038,000.00; Chiapas fue el estado con el mayor apoyo otorgado (un monto de $1'245,000.00)"
CDI,Localidades indígenas,Catalogo de localidades indígenas 2010,http://www.cdi.gob.mx/datosabiertos/2010/locali-indi-2010.csv,tabla,F,"En 2010, se tenía registro de 20,153 localidades indígenas en México"
INMUJERES,Estadísticas de mujeres,Mujeres propietarias de la vivienda,http://datos.inmujeres.gob.mx/archivo.php?f=f4244&t=csv,tabla,"B,C","De 2006 a 2012, el número de mujeres propietarias de vivienda en el país se elevó de 7'499,632 a 8'647,264, representando una tasa de crecimiento en este rubro de 15.30%."
INMUJERES,Estadísticas de mujeres,Mujeres sin ingresos propios,http://datos.inmujeres.gob.mx/archivo.php?f=f4246&t=csv,tabla,"A,C,D",El porcentaje de mujeres mayores de 15 años sin ingresos propios a nivel nacional se redujo de 32.16% (2008) a 29.86% (2010)
INMUJERES,Estadísticas de mujeres,Mujeres en puestos directivos de la administración pública,http://datos.inmujeres.gob.mx/archivo.php?f=f4243&t=csv,tabla,"B,C","El número de mujeres en puestos directivos de la administración pública a nivel nacional se elevó de 21,867 (2005) a 29,611 (2014), es decir, más del 35%."
INMUJERES,Estadísticas de mujeres,Senadoras,http://datos.inmujeres.gob.mx/archivo.php?f=f4245&t=csv,tabla,"B,C","El número de senadoras se elevó de 24 (2004) a 44 (2014), es decir, más del 80%."
INMUJERES,Estadísticas de mujeres,Diputadas,http://datos.inmujeres.gob.mx/archivo.php?f=f4242&t=csv,tabla,"B,C","De 2005 a 2015, el número de diputadas aumentó un 68.64% (de 118 a 199)."
INMUJERES,Estadísticas de mujeres,Escaños locales,http://datos.inmujeres.gob.mx/archivo.php?f=f4240&t=csv,tabla,"B,C",Hubo un aumento del 23.89% (de 494 a 612) en el número de escaños ocupados por mujeres entre el 2010 y el 2014
ISSSTE,Número de pensiones vigentes y gasto ejercido,"Tabla del número de pensiones vigentes y gasto ejercido por Delegación en forma trimestral, del régimen del artículo Décimo Transitorio",http://www.issste.gob.mx/datosabiertos/pensionesvigentes.csv,tabla,"B,D,F,H","El estado con el mayor gasto en pensiones durante los primeros 3 semestres de 2015 es Estado de México con 6,223.2 millones de pesos."
ISSSTE,Numero de pensiones otorgadas,"Tabla del número de pensiones otorgadas por Delegación en forma trimestral, del régimen del artículo décimo transitorio",http://www.issste.gob.mx/datosabiertos/pensionesvigentes.csv,tabla,"A,B,C,D","El Distrito Federal es la entidad federativa que más pensiones de Décimo Transitorio ha otorgado en 2015, con un total de 11,227"
ISSSTE,Número de pensiones vigentes y gasto ejercido,"Tabla del número de pensiones vigentes y gasto ejercido por Delegación en forma trimestral, del régimen del artículo Décimo Transitorio",http://www.issste.gob.mx/datosabiertos/pensionesvigentes.csv,tabla,"B,D,F,H","El conjunto de estados con el mayor gasto en pensiones durante los primeros 3 semestres de 2015 está conformado por Chiapas, Guerrrero, Oaxaca, Campeche, Quintana Roo, Tabásco y Yucatán con 8,323.37 millones de pesos."
ISSSTE,"Eventos culturales, sociales, deportivos y recreativos","Tabla de los eventos culturales, sociales, deportivos y recreativos que ofrece al ISSSTE mensualmente por Entidad Federativa",http://www.issste.gob.mx/datosabiertos/calendariodeeventos.csv,tabla,"A,J","El número de Servicios de Fomento Deportivo otorgadaos a pensionados pasó de 223,089 en 2013 a 247,559 en 2014; es decir, tuvo un crecimiento del 10.97%."
ISSSTE,"Número de Créditos otorgados anualmente por FOVISSSTE, a partir de 2007, según producto de crédito","Tabla en número créditos otorgados por FOVISSSTE, de 2007 al mes inmediato anterior a la fecha de publicación, según producto de crédito (9 diferentes productos crediticios: Tradicional, Pensionados, Subsidios, Conyugal Fovissste-Infonavit, Alia2+Plus, Respaldados, Fovissste en pesos, Fovissste-Infonavit individual y Respalda2M) por Entidad Federativa",http://www.issste.gob.mx/datosabiertos/fovissste_creditosformalizados.csv,tabla,"A,C-J","FOVISSSTE ha otorgado un total de 713,014 créditos (en sus 9 diferentes formas de productos crediticios) entre 2007 y 2015."
ISSSTE,Número de académicos contratados para el desarrollo de los programas educativos de la Escuela,"Tabla con el número de académicos contratados para el desarrollo de los programas educativos de la Escuela, en forma semestral y de acuerdo a su profesión",http://www.issste.gob.mx/datosabiertos/ednacademicoscontratados.csv,tabla,A-G,Se contrataron un total de 335 nutriólogos entre 2013 y 2015 para para el desarrollo de los programas educativos de la Escuela.
PGR,ATENCION CIUDADANA DGPDSC-CEDAC,Atención Ciudadana DGPDSC-CEDAC,http://pgrarchivos.blob.core.windows.net/datos-abiertos/CEDAC.rar,tabla,"A,B","Durante el 2015, se han llevado a cabo 7,342 casos de atención ciudadana, brindada a las diferentes solicitudes por la DGPDSC a través del CEDAC (Psicológicas, Legales y Sociales). En Nuevo León es en el estado donde más casos se han registrado (1,045)."
PGR,Estadística de detenidos,Base de datos,http://pgrarchivos.blob.core.windows.net/datos-abiertos/Personas%20Detenidas%20Ene-Sep2015.rar,tabla,"D,I","El estado con menor número de personas detenidas durante 2015 ha sido Yucatán, con un total de 69."
PGR,CURSO DE CAPACITACIÓN EN MATERIA DE DERECHOS HUMANOS,Base de datos,http://pgrarchivos.blob.core.windows.net/datos-abiertos/DIRECCI%C3%93N%20PROMOCI%C3%93N%20DE%20LA%20CULTURA.rar,tabla,"A,C","En lo que va del 2015, se han impartido 85 cursos de capacitación en materia de derechos humanos por parte de PGR a través de la Dirección General de Promoción de la Cultura en Derechos Humanos."
PGR,Incidencia Delictiva 2012-2016,Base de datos,http://pgrarchivos.blob.core.windows.net/datos-abiertos/Incidencia%20Delictiva%20Ene2012-Sep2015.rar,tabla,"B,D-AE","El estado con menor número total de incidencias delictivas entre 2012 y 2015 es Campeche con 2,568."
PGR,Cumplimiento de Mandamientos Ministeriales,Base de datos,http://pgrarchivos.blob.core.windows.net/datos-abiertos/AIC-PFM.rar,tabla,"A,J","Dutante 2015, se ha dado cumplimiento a 107,949 mandamientos ministeriales, atendidos por la Policía Federal Ministerial."
PGR,Programa Institucional de Servicio Social y/o Prácticas Profesionales,Número de prestadores de servicio social y/o prácticas profesionales,http://pgrarchivos.blob.core.windows.net/datos-abiertos/Prog%20Inst%20Serv%20Social%20-%20Pract%20Profesionales.rar,tabla,"D,I",Un total de 714 alumnos se han sumando al Programa Institucional de Servicio Social y/o Prácticas Profesionales de la PGR.
PRESIDENCIA,MÉXICO CON RESPONSABILIDAD GLOBAL- ESTADÍSTICAS NACIONALES,Cooperación internacional Concepto,https://dl.dropboxusercontent.com/u/47709433/Anexo_Estadistico_Excel/P768_ABAJO.xlsx,tabla,A-Q,"Del 2000 al 2014, se han firmado en México 342 tratados bilaterales y multilaterales para la cooperación internacional, incluyendo tratados culturales y educativos, cooperación general, asuntos consulares, etc."
PRESIDENCIA,Concentrado de peticiones al C. Presidente,Relación de peticiones dirigidas al C. Presidente de mayo de 2014 a septiembre de 2016,https://drive.google.com/uc?export=download&id=0Bw1YBQEbBwzDSTlHdk83SElpakU,tabla,A,"Entre Mayo 2014 y Septiembre de 2015, hubo un total de 89,810 peticiones al C. Presidente"
PRESIDENCIA,Histórico del catálogo de conjuntos de Datos Abiertos en datos.gob.mx,Histórico del catálogo de recursos de Datos Abiertos en datos.gob.mx,https://drive.google.com/uc?export=download&id=0Bw1YBQEbBwzDT0ZDWXNWMTZWR0U,tabla,C,"En el periodo de julio 2014 a noviembre de 2015, 150 dependencias, estados y ayuntamientos publicaron conjuntos en datos.gob.mx para hacerlos públicos."
PRESIDENCIA,Histórico del catálogo de conjuntos de Datos Abiertos en datos.gob.mx,Histórico del catálogo de recursos de Datos Abiertos en datos.gob.mx,https://drive.google.com/uc?export=download&id=0Bw1YBQEbBwzDT0ZDWXNWMTZWR0U,tabla,A,"El total de bases de datos abiertos publicados por parte de las dependencias, estados y ayuntamientos supero los 70,000 recursos en el periodo de julio 2014 a noviembre de 2015"
PRESIDENCIA,México con Educación de Calidad - Tercer Informe,Inversión en ciencia y tecnología e investigadores en países seleccionados de la OCDE 1/,https://drive.google.com/file/d/0Bw1YBQEbBwzDVlBNd1lhY3FpZGM/view?usp=drivesdk,tabla,"B,C",La asignación presupuestaria pública para la investigación científica y experimental ha aumentado un 79% entre 1994 y 2014 en México.
PRESIDENCIA,México con Educación de Calidad - Tercer Informe,Inversión en ciencia y tecnología e investigadores en países seleccionados de la OCDE 1/,https://drive.google.com/file/d/0Bw1YBQEbBwzDVlBNd1lhY3FpZGM/view?usp=drivesdk,tabla,"B,C","El número de investigadores equivalente a tiempo completo ha aumentado casi 1.5 veces (de  17,061 a  42,404) entre 1994 y 2013.   "
SAGARPA,Apoyos otorgados en 2013 SAGARPA,"Apoyos de la Cruzada contra el Hambre, 2013",http://www.sagarpa.gob.mx//quienesomos/datosabiertos/sagarpa/Documents/sagarpa_apoyo_cruzada.zip,Procedimiento en Bash,F,"Durante el 2013 se registraron 86,474 apoyos al proyecto ""Procampo Productivo"""
SAGARPA,Apoyos otorgados en 2013 SAGARPA,"Apoyos de la Cruzada contra el Hambre, 2013",http://www.sagarpa.gob.mx//quienesomos/datosabiertos/sagarpa/Documents/sagarpa_apoyo_cruzada.zip,Procedimiento en Bash,F,"Durante el 2013 se registraron 1,565 apoyos al proyecto ""Preveneción y Manejo de Riesgos"""
SAGARPA,Estadística de Producción Agrícola. SIAP,Estadística de la Producción Agrícola 2013.,http://www.sagarpa.gob.mx//quienesomos/datosabiertos/siap/estadistica//Agt_cierre_2013.csv,Procedimiento en Bash,,"En el 2013 se registró una producción agrícola con valor aproximado de 12,723,000 MXN"
SAGARPA,Estadística de Producción Agrícola. SIAP,Estadística de la Producción Agrícola 2013.,http://www.sagarpa.gob.mx//quienesomos/datosabiertos/siap/estadistica//Agt_cierre_2013.csv,Procedimiento en Bash,J,"En el 2013 el mayor número de registros de cultivos fue por ""Maíz grano"" con 5,003 registros seguido del ""Frijol"" con 3,681 registros"
SAGARPA,Pescadores capacitados en materia de seguridad de la vida humana en el mar 2014,Capacitados en seguridad de la vida humana en el mar 2014.csv,http://www.sagarpa.gob.mx//quienesomos/datosabiertos/conapesca/Documents/Capacitados_seguridad%20vida%20humana_mar%202014.csv,Tabla,"A,D,F","En 2014, existían 5,559 pescadores capacitados en materia de seguridad de la vida humana en el mar en México. Sonora es el estado que más pescadores con estas características tiene (1,283)"
SAGARPA,Población beneficiada bajo diversas acciones suscritas al Programa Integral de Desarrollo Rural. INCA Rural,"Resultados del Programa Integral de Desarrollo Rural de CDICV, OSC y PIIEX",http://www.sagarpa.gob.mx//quienesomos/datosabiertos/incarural/Documents/CDICV-OSC-PIIEX.csv,Tabla,"B,H","75,982 personas han resultado beneficiadas de las diversas acciones suscritas al Programa Integral de Desarrollo Rural. El estado con mayor número de beneficiados es Puebla, con un total de 10,707."
SALUD,"Consultas Médicas del Hospital General de México ""Dr. Eduardo Liceaga""",Consultas Otorgadas 2014,http://www.hgm.salud.gob.mx/descargas/pdf/focalizada/CONSULTAS_OTORGADAS-2014.csv,tabla,"A,D","Durante el 2014, se otorgaron 705,125 consultas por parte de las especialidades médicas del Hospital ""Dr. Eduardo Liceaga"", 705,125 fueron a mujeres y 235,928 a hombres"
SALUD,Nacimientos ocurridos,Registro de Nacimientos 2008,http://www.dgis.salud.gob.mx/descargas/datosabiertos/sinac_2008.zip,Procedimiento en Bash,AA,"Se registraron, mediante la Secretaría de salud, un total de 1'980,369 nacimientos en 2008; de ellos, 1'008,379 fueron hombres y 971,990, mujeres."
SALUD,Recursos en salud,Recursos en Salud 2014,http://www.dgis.salud.gob.mx/descargas/datosabiertos/recursos_salud_2014.zip,Procedimiento en Bash,AH,"Se registraron un total de 31,087 individuos de personal técnico en el 2014."
SALUD,Recursos en salud,Recursos en Salud 2014,http://www.dgis.salud.gob.mx/descargas/datosabiertos/recursos_salud_2014.zip,Procedimiento en Bash,,"Se registraron un total de 11,869 medicos generales en el 2014."
SALUD,Indicadores ODS,"Tasa de mortalidad por cáncer de mama, 1990 – 2013",http://www.dgis.salud.gob.mx/descargas/datosabiertos/Tasa_Mortalidad_Cancer_Mama_Serie_Historica.csv,Tabla,"A,C","De 20112 a 2013, se redujeron el número de muertes por cáncer de mama de 11,166 a 10,810"
SALUD,Indicadores ODS,"Porcentaje de población con carencia por acceso a los servicios de salud, 2008 – 2012",http://www.dgis.salud.gob.mx/descargas/datosabiertos/Porcentaje_Poblacion_Carencia_SS_Serie_Historica.csv,Tabla,"A,C",El porcentaje de población con carencia por acceso a los servicios de salud se redujo de 35.05% a sólo 19.48% entre 2008 y 2012.
SCT,Infraestructura Carretera,Clasificación de Carreteras,http://data.sct.gob.mx:8082/datos/datos/abiertos/21401ClasificacionCarreteras.csv,tabla,E,"El total de longitud de las carreteras clasificadas de Jurisdicción Federal en México es 73,989.79 kilómetros."
SCT,Infraestructura Carretera,Tarifas Vigentes de las Vías Federales de Cuota,http://data.sct.gob.mx:8082/datos/datos/abiertos/21401TarifasVigentes.csv,tabla,"A,E","Entre el 2012 y el 2014, la tarifa más barata en carreteras federales se registró con un costo (con IVA) de $2.00 en la carretera Lago de Guadalupe - Ent. San Miguel"
SCT,Infraestructura Marítimo-Portuaria,Flota activa de embarcaciones menores a 100 esloras,http://data.sct.gob.mx:8082/datos/datos/abiertos/51101DGMM02MENORESA100MDEESLORA.csv,tabla,"A,H","En lo que va del 2015, se han registrado un total de 1,305 entradas de cruceros (tomando sólo embarcaciones menores a 100 esloras) a los puertos de de las distintas entidades de la república; el puerto de Cozumel es el que mayor número de entradas ha registrado (668)."
SCT,Infraestructura Ferroviaria,Empresas ferroviarias y personal,http://data.sct.gob.mx:8082/datos/datos/abiertos/31101PEREMPRESAFERROVIARIA.csv,tabla,"A,D","Hasta el 2014, en México operaban 13 empresas ferroviarias que empleaban a más de 8,000 personas."
SCT,Infraestructura Aeroportuaria,Operaciones de vuelos Regulares Nacionales,http://data.sct.gob.mx:8082/datos/datos/abiertos/31001DGAC03SASEABRIL2014REGINT.csv,tabla,A,Existen 298 rutas (origen-destino) distintas de operaciones de vuelos regulares nacionales hasta el último registro hecho en México.
SCT,Infraestructura de Telecomunicaciones,Tabla con sitios con conectividad a internet (México Conectado),http://data.sct.gob.mx:8082/datos/datos/abiertos/11601MexicoConectado.csv,tabla,"L,N,O","Hay 5,510 sitios públicos con conectividad wifi en el país."
SE,Número de mujeres rurales microacreditadas,Mujeres rurales microacreditadas por entidad federativa del periodo abril-junio 2015,http://www.datos.economia.gob.mx/FOMMURCreditos2doTrim-20151019.csv,tabla,"A,B","El número total de mujeres rurales con acceso a crédito, entre abril y junio 2015, es 148,620."
SE,Estadística Minera,Volumen y valor,https://drive.google.com/uc?export=download&id=0B-4W2dww7ELNR3pfZzlRQm96UTQ,tabla,"D,E","El valor total de la minería metalúrgica se elevó de $94'816,874.50 (2009) a $200'946,361.96 (2013); es decir, tuvo una tasa de crecimiento del 111.93%"
SE,Estadística Minera,México en el mundo,https://drive.google.com/uc?export=download&id=0B-4W2dww7ELNbklqN2Jvb1dzY3M,tabla,"A,B,C,E","México se mantuvo como el primer lugar productor de plata a nivel mundial de 2010 a 2013, produciento en éste (2013) el 26.36% del total mundial de dicho metal."
SE,Registro Nacional de Inversiones Extranjeras,Listado del Registro de Empresas Extranjeras inscritas en el RNIE que realizan actos de comercio en México,http://www.datos.economia.gob.mx/Personasmoralesextranjeras.xls,tabla,"A,C","Existen 707 empresas extranjeras, de más de 45 países, registradas y comerciando en nuestro país."
SE,Base de datos de indicadores del PROSOFT,Indicadores PROSOFT por entidad federativa 2004 - 2014,http://www.datos.economia.gob.mx/BDIndicadoresPROSOFT2004-2015.csv,tabla,"A,I","De 2004 a 2014, el monto de aportación del PROSOFT se multiplicó por más de 4 veces (de  $139,700,000.00 a  $723,698,800.92)"
SE,Verificaciones realizadas por la Secretaría de Economía a través de la Procuraduría Federal del Consumidor (PROFECO),Tabla de resultados de las verificaciones realizadas por PROFECO a los productos sujetos a norma oficial mexicana Enero a Septiembre 2015,http://www.datos.economia.gob.mx/PROFECO_2015_vEspecial.csv,Tabla,"L,N,O","De las 31,214 verificaciones realizadas por PROFECO a los productos sujetos a norma oficial mexicana en Enero-Septiembre 2015, en 29,391no se detectó incumplimiento alguno (94.16% del total)"
SECTUR,Campañas Institucionales,Campañas Institucionales,http://www.datatur.sectur.gob.mx/Documentos%20compartidos/CPTM_BD_Campanas2013_2014DEM.csv,tabla,"B,D",El número de Campañas Institucionales de turismo se elevó de 13 en 2013 a 72 en 2014.
SECTUR,Campañas Institucionales,Campañas Institucionales,http://www.datatur.sectur.gob.mx/Documentos%20compartidos/CPTM_BD_Campanas2013_2014DEM.csv,tabla,"B,C",El estado que mayor número de Campañas Institucionales de turismo presentó en el último par de años (2013-14) fue Yucatán con un total de 7.
SECTUR,Actividad Hotelera por Entidad Federativa,Actividad Hotelera por Entidad Federativa,http://www.datatur.beta.sectur.gob.mx/Documentos%20compartidos/6_1_td.csv,tabla,"B,D","La actividad hotelera, entre 2000 y 2014, ha registrado un total de 1,168'122,657 de turistas (extranjeros y nacioales) en ocupación de hotel; la entidad federativa con mayor registro fue el DF (153'932,026), seguido de Quintana Roo (113'291,068)"
SECTUR,Servicios de Auxílio Turístico de la Corporación Ángeles Verdes,Servicios de Auxílio Turístico de la Corporación Ángeles Verdes de la Secretaría de Turismo (SECTUR),http://www.datatur.sectur.gob.mx/Documentos%20compartidos/AV_BD_Servicios_2014.csv,tabla,"A,C","Durante el 2014, se registraron 164,361 Servicios de auxílio turístico de la corporación Ángeles Verdes; en Nuevo León fue en donde mayor número se registró (12,608)."
SECTUR,Campañas Cooperativas,Campañas Cooperativas,http://www.datatur.sectur.gob.mx/Documentos%20compartidos/CPTM_BD_CampanasCoopMercado2009_2014.csv,Tabla,"A,C","Entre 2009 y 2014 se llevaron a cabo un total de 2,596 campañas cooperativas con distintos mercados (Asía, Europa, Latinoamérica, Nacional y Norteamérica)."
SECTUR,Campañas Cooperativas,Campañas Cooperativas,http://www.datatur.sectur.gob.mx/Documentos%20compartidos/CPTM_BD_CampanasCoopMercado2009_2014.csv,Tabla,"A,C","El mayor número de campañas cooperativas entre 2009 y 2014 fue con el propio mercado nacional (1,240), seguido del mercado norteamericano (1,056)."
SEDATU,ODS SEDATU,"Rezago habitacional por condiciones de espacio, materiales e instalaciones de la vivienda",https://drive.google.com/uc?export=download&id=0B8H92S-nvsXedU5qQWpGYXB6WG8,tabla,D,"El rezago habitacional total, calculado con el Modulo de Condiciones Socieconómicas de la ENIGH 2014 ascendió a 13,619,650"
SEDATU,ODS SEDATU,Densidad de población (bruta),https://drive.google.com/uc?export=download&id=0B8H92S-nvsXeSV92SUpmQktUOUE,Rutina en R,G,La densidad poblacional bruta promedio a nivel nacional por km² en el 2015 es de 297.5938 personas/km²
SEDATU,ODS SEDATU,Densidad de población (bruta),https://drive.google.com/uc?export=download&id=0B8H92S-nvsXeSV92SUpmQktUOUE,Rutina en R,"A,G","Con base en datos del 2015, El Distrito Federal tiene la mayor densidad poblacional bruta por de 5,907 personas/km²"
SEDATU,ODS SEDATU,Residuos sólidos urbanos manejados adecuadamente,https://drive.google.com/uc?export=download&id=0B8H92S-nvsXeVVFvMnlOZUwxWGs,tabla,,En promedio el 27.89% de los residuos sólidos urbanos a nivel nacional son tratados.
SEDATU,ODS SEDATU,"Rezago habitacional por condiciones de espacio, materiales e instalaciones de la vivienda",https://drive.google.com/uc?export=download&id=0B8H92S-nvsXedU5qQWpGYXB6WG8,Rutina en R,"A, B","La entidad con menor rezago habitacional por condiciones de espacio, calculado con el Modulo de Condiciones Socieconómicas de la ENIGH 2014 fue Nayarit"
SEDATU,ODS SEDATU,"Rezago habitacional por condiciones de espacio, materiales e instalaciones de la vivienda",https://drive.google.com/uc?export=download&id=0B8H92S-nvsXedU5qQWpGYXB6WG8,Rutina en R,"A,B","La entidad con menor rezago habitacional por materiales, calculado con el Modulo de Condiciones Socieconómicas de la ENIGH 2014 fue Campeche"
SEDENA,Adquisiciones (Contratos),Adquisición de Bienes y Servicios.,http://www.sedena.gob.mx/archivos/datosabiertos/contratos2015.xls,Procedimiento en Bash,B,En el 2015 la SEDENA realizo 113 contratación por medio de licitación pública
SEDENA,Adquisiciones (Contratos),Adquisición de Bienes y Servicios.,http://www.sedena.gob.mx/archivos/datosabiertos/contratos2015.xls,Procedimiento en Bash,H,"En el 2015 la SEDENA realizo contrataciones por un valor de 1,719,156,197 de pesos"
SEDENA,Obras ejecutadas para beneficio de la Secretaría de la Defensa Nacional,Cantidad de obras ejecutadas en el año 2015,http://www.sedena.gob.mx/archivos/datosabiertos/obras2015.csv,Procedimiento en Bash,A,SEDENA ha realizado 40 obras en lo que va del 2015
SEDENA,Obras ejecutadas para beneficio de la Secretaría de la Defensa Nacional,Cantidad de obras ejecutadas en el año 2014,http://www.sedena.gob.mx/archivos/datosabiertos/obras2014.csv,Procedimiento en Bash,,SEDENA realizó 74 obras en el 2014
SEDESOL,Programa de Comedores Comunitarios 2015,COMEDORES 2015 enero a marzo,http://datos.sedesol.gob.mx/padronbeneficiarios/150706/cp/comedores_151_153.zip,tabla,C,"Durante el primer trimestre de 2015, el programa de Comedores Comunitarios benefició a 413,787 personas, mediante 43,470 comedores que proporcionan alimentos nutritivos y en cantidad suficiente."
SEDESOL,Instituto Mexicano de la Juventud,IMJUVE enero a junio 2014,http://datos.sedesol.gob.mx/padronbeneficiarios/140930/sp/IMJUVE_141_146.csv,tabla,"A,F","4,129 jóvenes (entre 12 y 29 años) fueron beneficiados con alguno de los apoyos del Instituto Mexicano de la Juventud durante el primer semestre de 2014. 2140 fueron hombres, 1989 mujeres."
SEDESOL,Programa Pensión para Adultos Mayores 2015,PAM 2015 mayo a junio,http://datos.sedesol.gob.mx/padronbeneficiarios/150930/cp/pam_155_156.zip,tabla,"H,I","En el tercer bimestre de 2015, se apoyaron a 5'216,809 adultos mayores de 65 años con un total de $6,051,498,440.00 ($1,160 cada uno) mediante el programa Pensión para Adultos."
SEDESOL,"Programa de Abasto Social de Leche a Cargo de LICONSA, S.A. de C.V. 2015",PASL 2015 julio,http://datos.sedesol.gob.mx/padronbeneficiarios/150930/cp/pasl_157_157.zip,tabla,"F,H","Durante Junio de 2015, un total de 9,550,946 personas fueron beneficiarias del programa de Abasto Social de Leche (gratuita o a bajo costo), con un total de 100,459,600 de litros de leche."
SEDESOL,Beneficiarios del Programa de Empleo Temporal,"Número de empleos directos generados por el Programa de Empleo Temporal, desagregados por género, entidad, municipal y por localidad",http://datos.sedesol.gob.mx/DGAGP/DGAGP/oct2015/Empleo_Temporal_Beneficiarios.csv,Procedimiento en R,"C,I","El estado con mayor número de beneficiarias del programa emplo temporal fue  Chiapas con  126,625 beneficiadas"
SEDESOL,Beneficiarios del Programa de Empleo Temporal,"Número de empleos directos generados por el Programa de Empleo Temporal, desagregados por género, entidad, municipal y por localidad",http://datos.sedesol.gob.mx/DGAGP/DGAGP/oct2015/Empleo_Temporal_Beneficiarios.csv,Procedimiento en R,"C,H","El estado con mayor número de beneficiarios del programa emplo temporal fue  Chiapas con  88,703 beneficiados"
SEGOB,Registro de atenciones brindadas por el Programa Paisano,Tabla de registro de atenciones brindadas por el Programa Paisano,http://www.inm.gob.mx/datos/2015/DPMYV/ProgramaPaisano/atenciones-brindadas-programa-paisano.csv,tabla,"A,C,D,E,F","Se apoyó a 2'094,461 personas en el periodo Mayo-Agosto mediante el programa Paisano. El estado que más apoyo dio fue Jalisco (730,281 en dicho periodo)."
SEGOB,Volcan Activos en Mexico,Volcan Activos en Mexico,http://132.248.68.83/portal/images/PHPcenapred/index/fase1/Geologicos/,Conteo en Mapa,No Aplica,"Existen actualmente 67 volcanes activos en el terriotorio mexicano (incluyendo todos los tipos: volcán escudo, submarino, caldera, etc.)."
SEGOB,Iniciativas del Ejecutivo Federal,"Reporte de iniciativas presentadas por el Ejecutivo Federal a partir del 1 de diciembre de 2012, por estatus",http://sil.gobernacion.gob.mx/Reportes/GeneracionReportes/reporteAutomatico1.php?TipoReporte=1&Periodo=3/da,Interpretación gráfica,No Aplica,"En el peridodo del sexenio actual, se han presentado 84 iniciativas por parte del Ejecutivo Federal, de las cuales 62 han sido aprovadas y publicadas en el DOF."
SEGOB,Migrantes atendidos por los Grupos Beta de Proteccion a Migrantes,Reporte mensual de actividades sobre las atenciones otorgadas a los migrantes por parte de los 22 Grupos Beta de Proyeccion a Migrantes,http://www.inm.gob.mx/datos/2015/DPMYV/GruposBeta/migrantes-atendidos-por-grupos-beta.csv,tabla,"B,C","En un mes, los grupos Beta de Protección a Migrantes atendieron a 61,922 migrantes (mediante rescate y salvamento, ayuda humanitaria, asesoría legal y orientación). Chiapas fue el estado en donde más se atendió con 22,404 migrantes atendidos."
SEGOB,Migrantes atendidos por los Grupos Beta de Proteccion a Migrantes,"Reporte mensual de actividades sobre las atenciones otorgadas a los migrantes por parte de los 22 Grupos Beta de Proyeccion a Migrantes ubicados en los estados de Baja California, Sonora, Chihuahua, Coahuila, Tamaulipas, Chiapas, Tabasco, Veracruz y Oaxaca.",http://www.inm.gob.mx/datos/2015/DPMYV/GruposBeta/migrantes-atendidos-por-grupos-beta.csv,tabla,"A,C,D","En el period Mayo-Agosto de 2015 los grupos Beta de Protección a Migrantes atendieron a 22,404 en Chiapas"
SEGOB,Migrantes atendidos por los Grupos Beta de Proteccion a Migrantes,"Reporte mensual de actividades sobre las atenciones otorgadas a los migrantes por parte de los 22 Grupos Beta de Proyeccion a Migrantes ubicados en los estados de Baja California, Sonora, Chihuahua, Coahuila, Tamaulipas, Chiapas, Tabasco, Veracruz y Oaxaca.",http://www.inm.gob.mx/datos/2015/DPMYV/GruposBeta/migrantes-atendidos-por-grupos-beta.csv,tabla,"A,C,D","En el period Mayo-Agosto de 2015 los grupos Beta de Protección a Migrantes atendieron a 11,950 en Sonora"
SEMARNAT,Agua residual que recibe tratamiento,Agua residual municipal e industrial que recibe tratamiento como porcentaje del agua residual generada.,http://dsiappsdev.semarnat.gob.mx/datos/Tratamiento.csv,Rutina en R,"A,J",El porcentaje de agua tratada con respecto al total de agua generada paso de 15.76% en 1998 a 37.81% en el 2013
SEMARNAT,Agua Residual que recibe tratamiento,Agua residual que recibe tratamiento por entidad federativa,http://dsiappsdev.semarnat.gob.mx/datos/Tratamiento_X_ent_federativa.csv,Rutina en R,"A,D",El estado que trató el mayor porcentaje de agua en el 2013 fue Nuevo León con 117.2%
SEMARNAT,Eficencia en el uso del agua en el sector agrícola de riego,Eficiencia en el uso del agua en el sector agrícola de riego,http://dsiappsdev.semarnat.gob.mx/datos/Eficiencia_agr%C3%ADcola.csv,Rutina en R,"A, E",La eficiencia en el uso de agua en el sector agrícola paso de 1.11 en el periodo 1994-1995 a 1.84 en el periodo 2012-2013
SEMARNAT,Grado de Presión de los recursos hídricos,Grado de Presión de los recursos hídricos,http://dsiappsdev.semarnat.gob.mx/datos/Grado_presion_Nacional.csv,Rutina en R,"C,F",El grado de presión de los recursos hídricos paso de 15.4 en el 2001 a 17.3 en el 2013
SEMARNAT,Indicadores Cambio Climático,disponibilidad de servicios relacionados con los residuos sólidos urbanos,http://dsiappsdev.semarnat.gob.mx/datos/cclimatico/situacion_de_disponibilidad_de_servicios.csv,Rutina en R,"A,B,C,D,E",El 90% de los municipios a nivel nacional contaban con servicios de recolección y disposición de desechos sólidos en el 2012
SEMARNAT,Indicadores Cambio Climático,disponibilidad de servicios relacionados con los residuos sólidos urbanos,http://dsiappsdev.semarnat.gob.mx/datos/cclimatico/situacion_de_disponibilidad_de_servicios.csv,Rutina en R,"A,B,C,D,F","La entidad federativa con mayor proporción de municipios/delegaciones que contaban con servicios de recolección, disposición y tratamiento de desechos sólidos en 2012 fue el Distrito Federal con el 100% de las delegaciones"
SENER,Volumen de las exportaciones de crudo por países,Volumen de las exportaciones de crudo por países.,http://200.23.166.35/DA/P/DGPlaneacionInformacionEnergeticas/VolumenExportacionesCrudoPaises/SENER_05_VolumenExportacionesCrudoPorPaises-PMXF1C01.csv,tabla,"C,D","El nivel total de las exportaciones de crudo pasó de 795'665,077 barriles en 2010 a 1,204'504,598 en 2015, lo cual representa un crecimiento en exportaciones del 51.38% en 5 años."
SENER,Ventas internas de energía eléctrica por entidad federativa.,Ventas internas de energía eléctrica por entidad federativa,http://200.23.166.35/DA/P/DGPlaneacionInformacionEnergeticas/VentasInternasEnergiaElectricaEntidadFederativa/SENER_05_VentasInternasEnergiaElectricaPorEntidadFederativa-IIIA3C06.csv,tabla,"B,C","Las ventas internas de energía eléctrica tuvieron una tasa de crecimiento del 11.45% de 2010 a 2014 (de 186'638,877.9 a 208'014,911.6 MWh)."
SENER,Ventas internas de energía eléctrica por entidad federativa.,Ventas internas de energía eléctrica por entidad federativa,http://200.23.166.35/DA/P/DGPlaneacionInformacionEnergeticas/VentasInternasEnergiaElectricaEntidadFederativa/SENER_05_VentasInternasEnergiaElectricaPorEntidadFederativa-IIIA3C06.csv,tabla,"A,C","La entidad federativa que registra mayor nivel de ventas en energía eléctrica a partir del 2010 es el Estado de México (99'884,118.31 MWh), mientras que el que tiene el menor nivel es Campeche (7'046,004.26 MWh)."
SENER,Producción de petróleo crudo por entidad federativa (Estado de la República Mexicana,Producción de petróleo crudo por entidad federativa (Estado de la República Mexicana.,http://200.23.166.35/DA/P/DGPlaneacionInformacionEnergeticas/ProduccionPetroleoCrudoEntidadFederativa/SENER_05_ProduccionPetroleoCrudoPorEntidadFederativa-PMXB1C02.csv,tabla,"B,D","Tabasco ha sido,en los últimos 6 años, el estado con mayor producción de petróleo crudo del país (con un total de 28,345.75 miles de barriles por día entre 2010 y 2015), y sólo superado por la producción en aguas territoriales."
SENER,Indicadores energéticos y de hidrocarburos,"Consumo final de energía en los sectores residencial, comercial y público.",http://200.23.166.35/DA/P/DGPlaneacionInformacionEnergeticas/BalanceNacionalEnergia/SENER_05_ConsumoFinalEnergiaSectoresResidencialComercialPublico-IE7C03.csv,tabla,"A,E,F",El consumo total de energía solar en el 2014 en el sector residencial comercial y público fue de 7.649.262 PJ
SENER,Indicadores energéticos y de hidrocarburos,"Consumo final de energía en los sectores residencial, comercial y público.",http://200.23.166.35/DA/P/DGPlaneacionInformacionEnergeticas/BalanceNacionalEnergia/SENER_05_ConsumoFinalEnergiaSectoresResidencialComercialPublico-IE7C03.csv,tabla,"A,E,F",El consumo total de energía proveniente de diesel en el 2014 en el sector residencial comercial y público fue de 4.476.039 PJ
SEP,"Censo de Escuelas, Maestros y Alumnos de Educación Básica y Especial",Personal Censado-Plazas,http://siged.sep.gob.mx:80/SIGED/content/conn/WCPortalUCM/path/Contribution%20Folders/PortalSIGED/Descargas/Datos%20Abiertos/Censo/Personal/PERSONAL_PLAZAS_CT_CENSADOS.zip,Rutina en bash,"D,E","El municipio con mayor personal para la educación censado por la SEP es Tijuana con 5,4627 individuos."
SEP,"Censo de Escuelas, Maestros y Alumnos de Educación Básica y Especial",Personal Censado-Plazas,http://siged.sep.gob.mx:80/SIGED/content/conn/WCPortalUCM/path/Contribution%20Folders/PortalSIGED/Descargas/Datos%20Abiertos/Censo/Personal/PERSONAL_PLAZAS_CT_CENSADOS.zip,Rutina en bash,D,"El estado con mayor personal para la educación censado por la SEP es el Estado de México con 343,185 individuos."
SEP,"Censo de Escuelas, Maestros y Alumnos de Educación Básica y Especial",Alumnos Censados en Centros de Trabajo,http://siged.sep.gob.mx/SIGED/content/conn/WCPortalUCM/path/Contribution%20Folders/PortalSIGED/Descargas/Datos%20Abiertos/Censo/Alumnos/ALUMNOS_CT_CENSADOS.zip?download,Rutina en bash,"D,C","El municipio con mayor número de alumnos censados por la SEP es Puebla con 353,864 alumnos."
SEP,"Censo de Escuelas, Maestros y Alumnos de Educación Básica y Especial",Alumnos Censados en Centros de Trabajo,http://siged.sep.gob.mx/SIGED/content/conn/WCPortalUCM/path/Contribution%20Folders/PortalSIGED/Descargas/Datos%20Abiertos/Censo/Alumnos/ALUMNOS_CT_CENSADOS.zip?download,Rutina en bash,C,"El estado con mayor número de alumnos censados por la SEP es el Estado de México con 3,410,547 alumnos."
SEP,Indicadores Objetivos de Desarrollo Sustentable,Eficiencia terminal en educación terciaria,http://www.siged.sep.gob.mx:80/SIGED/content/conn/WCPortalUCM/path/Contribution%20Folders/PortalSIGED/Descargas/Datos%20Abiertos/Estad%c3%adstica%20Educativa/Estad%c3%adsticas%20e%20Indicadores%20Educativos/ObjetivosDesarrolloSustentable/Eficiencia%20terminal%20en%20educaci%c3%b3n%20terciaria.csv,Rutina en bash,B,El estado con mayor porcentaje de alumnos que concluyeron su educación terciaria en el tiempo programado durante el ciclo 2012-2013 es Querétaro 
SEP,Indicadores Objetivos de Desarrollo Sustentable,Eficiencia terminal en educación terciaria,http://www.siged.sep.gob.mx:80/SIGED/content/conn/WCPortalUCM/path/Contribution%20Folders/PortalSIGED/Descargas/Datos%20Abiertos/Estad%c3%adstica%20Educativa/Estad%c3%adsticas%20e%20Indicadores%20Educativos/ObjetivosDesarrolloSustentable/Eficiencia%20terminal%20en%20educaci%c3%b3n%20terciaria.csv,Rutina en bash,D,El porcentaje de alumnos que una vez iniciada su educación terciara la concluyen fue de 73.01456% en el ciclo 2012-2013
SFP,Servidores públicos sancionados 2015-1,Servidores públicos sancionados 2015-1,https://siac.funcionpublica.gob.mx/DatosAbiertos/rsps/RSPS20151.csv,tabla,C,"En el primer semestre de 2015, 4,228 funcionarios han sido sancionado por la Secretaría de la Función Pública y los órganos internos de control."
SFP,Servidores públicos sancionados 2015-2,Servidores públicos sancionados 2015-2,https://siac.funcionpublica.gob.mx/DatosAbiertos/rsps/RSPS20151.csv,tabla,A,"El número total de sanciones que se han aplicado a funcionarios por parte de la Secretaría de la Función Pública en y los órganos internos de control, durante el primer semestre de 2015, es de 5,053."
SFP,Registro de servidores públicos que intervienen en contrataciones públicas,Servidores públicos que intervienen en contrataciones en la Administración Pública Federal al mes de septiembre de 2015,https://siac.funcionpublica.gob.mx/DatosAbiertos/reniresp/FuncionariosQueIntervienenEnContrataciones.csv,Rutina en R,A,"Para septiembre del 2015, hay 19,396 servidores públicos que intervienen en contrataciones"
SFP,Declaraciones patrimoniales 2015-1,Listado de declaraciones patrimoniales presentadas en Declaranet Primer semestre 2015,https://siac.funcionpublica.gob.mx/DatosAbiertos/declaranet/DECNET_2015_1SEM.csv,Rutina en R,A,"En el primer semestre del 2015, 277,039 servidores públicos realizaron su declaración patrimonial en tiempo."
SFP,Procedimientos de contratación 2015,Datos relevantes de los contratos ingresados a CompraNet en 2015,https://siac.funcionpublica.gob.mx/DatosAbiertos/compranet/Contratos2015_151026063412.csv,Rutina de bash,C,La dependencia que ingresó un mayor número de contratos a CompraNet en el 2015 fue Comisión Federal de Electricidad
SFP,Procedimientos de contratación 2015,Datos relevantes de los contratos ingresados a CompraNet en 2015,https://siac.funcionpublica.gob.mx/DatosAbiertos/compranet/Contratos2015_151026063412.csv,Rutina de bash,A,Se ingresaron 119018 contratos a CompraNet en el 2015
SHCP,Obra Pública Abierta 2015,Obra Pública Abierta 2015,http://www.transparenciapresupuestaria.gob.mx/work/models/PTP/OPA/2015/Proyectos_OPA.csv,Rutina en R,"B,AH","En el año 2015 se invirtieron un total de 101,503,746 MXN en el programa de Construccion de vialidades secundarias y patios de uso común"
SHCP,Obra Pública Abierta 2015,Obra Pública Abierta 2015,http://www.transparenciapresupuestaria.gob.mx/work/models/PTP/OPA/2015/Proyectos_OPA.csv,Rutina en R,"B,AH","En el año 2015 se invirtieron un total de 9,864,844 MXN en el programa de seguridad y protección civil"
SHCP,Estadísticas Oportunas de Finanzas Públicas,"Ingreso, Gasto y Financiamiento Público ( 2011 - Actual )",http://www.secciones.hacienda.gob.mx/work/models/ESTOPOR/datos_abiertos_EOPF/Ingreso.csv,Rutina en R,"D,P","Los ingresos petroleros del sector público en el periodo 2011-2015 ascienden a un total de 5,792,492,275 MXN"
SHCP,Estadísticas Oportunas de Finanzas Públicas,"Ingreso, Gasto y Financiamiento Público ( 2011 - Actual )",http://www.secciones.hacienda.gob.mx/work/models/ESTOPOR/datos_abiertos_EOPF/Ingreso.csv,Rutina en R,"D,P","Los ingresos del sector público en el periodo 2011-2015 ascienden a un total de 31,048,498,764 MXN"
SHCP,Proyecto de Presupuesto de Egresos,Proyecto de Presupuesto de Egresos 2015,http://www.transparenciapresupuestaria.gob.mx/work/models/PTP/DatosAbiertos/Bases_de_datos_presupuesto/CSV/PPEF_2015.csv,Rutina en R,G,"En el 2015 se han realizado 65,976 programas presupuestarios para desarrollo económico y 93,270 para el desarrollo social"
SHCP,Proyecto de Presupuesto de Egresos,Proyecto de Presupuesto de Egresos 2015,http://www.transparenciapresupuestaria.gob.mx/work/models/PTP/DatosAbiertos/Bases_de_datos_presupuesto/CSV/PPEF_2015.csv,Rutina en R,A,"En el 2015 han habido 219,418 programas presupuestarios"
STPS,ODS Secretaría del Trabajo y Previsión Social,Indicador Brecha entre la Tasa Neta de Participación Femenina y la Tasa Neta de Participación Masculina,http://datosabiertos.stps.gob.mx/ods/Indicador_Brecha_entre_TNP_femenina_y_TNP_masculina.csv,Rutina en R,"A,B,C,D",La brecha en la tasa de participación femenina en el campo laboral se redujo de -38.27 a -37.64 en la población de entre 15 y 29 años y de -50.61 a -49.36 en la población de 30 y más años a nivel nacional en el periodod de 1995-1999.
STPS,ODS Secretaría del Trabajo y Previsión Social,Indicador Tasa de crecimiento del PIB por persona ocupada,http://datosabiertos.stps.gob.mx/ods/Indicador_Tasa de crecimiento del PIB por persona ocupada.csv,Rutina en R,"A,B",El indicador de la tasa de crecimiento del PIB ha aumentado en un 20% en el periodo 1996-2014.
STPS,ODS Secretaría del Trabajo y Previsión Social,Indicador Tasa de desocupación,http://datosabiertos.stps.gob.mx/ods/Indicador_Tasa_de_desocupación.csv,Rutina en R,"A,B,C,D,E","La tasa de desocupación en hombres se redujo de 6.35 a 2.05, más de un 30%, en el periodo 1995-1999"
STPS,ODS Secretaría del Trabajo y Previsión Social,Indicador Tasa de desocupación,http://datosabiertos.stps.gob.mx/ods/Indicador_Tasa_de_desocupación.csv,Rutina en R,"A,B,C,D,E","La tasa de desocupación en mujeres se redujo de 8.90 a 3.85, más de un 40%, en el periodo 1995-1999"
STPS,Serie estadística de la cantidad de trabajadores asalariados con respecto a la población ocupada total (trimestral).,Serie estadística de la cantidad de trabajadores asalariados con respecto a la población ocupada total (trimestral).,http://datosabiertos.stps.gob.mx/ods/Indicador_Tasa_de_desocupación.csv,Rutina en R,"C, G","El número de hombres ocupados en 2015 es de 31,309,072"
STPS,Serie estadística de la cantidad de trabajadores asalariados con respecto a la población ocupada total (trimestral).,Serie estadística de la cantidad de trabajadores asalariados con respecto a la población ocupada total (trimestral).,,Rutina en R,"C, G",El número de mujeres ocupadas en 2015 es de 19027016